<?xml version="1.0" encoding="UTF-8"?>
<folder exportedWithPermissions="true">
    <parent>/datasources</parent>
    <name>ICBS_Input_Control</name>
    <label>ICBS Input Control</label>
    <description></description>
    <creationDate>2016-04-18T14:14:18.335+08:00</creationDate>
    <updateDate>2016-04-18T14:14:18.335+08:00</updateDate>
    <resource>branch_name</resource>
    <resource>currency_code</resource>
    <resource>customer_id</resource>
    <resource>gl_code</resource>
    <resource>multi_select_branch</resource>
    <resource>Multi_Select_Gender</resource>
</folder>
