<?xml version="1.0" encoding="UTF-8"?>
<inputControl exportedWithPermissions="true">
    <folder>/datasources/ICBS_Input_Control</folder>
    <name>branch_name</name>
    <version>1</version>
    <label>Select A Branch</label>
    <description>Selects a single branch (parameter name: branch_name)</description>
    <creationDate>2016-04-18T14:07:39.990+08:00</creationDate>
    <updateDate>2016-04-18T14:07:39.990+08:00</updateDate>
    <type>4</type>
    <mandatory>false</mandatory>
    <readOnly>false</readOnly>
    <visible>true</visible>
    <query>
        <localResource
            xmlns:xsi="http://www.w3.org/2001/XMLSchema-instance"
            exportedWithPermissions="false" xsi:type="query">
            <folder>/datasources/ICBS_Input_Control/branch_name_files</folder>
            <name>select_branch_name</name>
            <version>0</version>
            <label>select branch name</label>
            <description></description>
            <creationDate>2016-04-18T14:07:39.990+08:00</creationDate>
            <updateDate>2016-04-18T14:07:39.990+08:00</updateDate>
            <language>sql</language>
            <queryString>Select name from branch order by id</queryString>
        </localResource>
    </query>
    <queryVisibleColumn>name</queryVisibleColumn>
    <queryValueColumn>name</queryValueColumn>
</inputControl>
