<?xml version="1.0" encoding="UTF-8"?>
<inputControl exportedWithPermissions="true">
    <folder>/datasources/ICBS_Input_Control</folder>
    <name>currency_code</name>
    <version>2</version>
    <label>Select A Currency</label>
    <description>Input parameter for currency_code</description>
    <creationDate>2016-04-20T11:59:29.597+08:00</creationDate>
    <updateDate>2016-04-26T14:24:23.225+08:00</updateDate>
    <type>4</type>
    <mandatory>false</mandatory>
    <readOnly>false</readOnly>
    <visible>true</visible>
    <query>
        <localResource
            xmlns:xsi="http://www.w3.org/2001/XMLSchema-instance"
            exportedWithPermissions="false" xsi:type="query">
            <folder>/datasources/ICBS_Input_Control/currency_code_files</folder>
            <name>select_currency</name>
            <version>0</version>
            <label>select currency</label>
            <description></description>
            <creationDate>2016-04-20T11:59:29.597+08:00</creationDate>
            <updateDate>2016-04-20T11:59:29.597+08:00</updateDate>
            <language>sql</language>
            <queryString>select code,name, '('||code||') - '||name as description from currency </queryString>
        </localResource>
    </query>
    <queryVisibleColumn>description</queryVisibleColumn>
    <queryValueColumn>code</queryValueColumn>
</inputControl>
