<?xml version="1.0" encoding="UTF-8"?>
<inputControl exportedWithPermissions="true">
    <folder>/datasources/ICBS_Input_Control</folder>
    <name>customer_id</name>
    <version>2</version>
    <label>Select A Customer</label>
    <description>Select a customer record for parameter customer_id</description>
    <creationDate>2016-04-18T16:09:26.565+08:00</creationDate>
    <updateDate>2016-04-26T14:24:48.631+08:00</updateDate>
    <type>4</type>
    <mandatory>false</mandatory>
    <readOnly>false</readOnly>
    <visible>true</visible>
    <query>
        <localResource
            xmlns:xsi="http://www.w3.org/2001/XMLSchema-instance"
            exportedWithPermissions="false" xsi:type="query">
            <folder>/datasources/ICBS_Input_Control/customer_id_files</folder>
            <name>select_customer</name>
            <version>0</version>
            <label>select customer</label>
            <description></description>
            <creationDate>2016-04-18T16:09:26.565+08:00</creationDate>
            <updateDate>2016-04-18T16:09:26.565+08:00</updateDate>
            <language>sql</language>
            <queryString>select id,customer_id, display_name, birth_date 
from customer order by display_name</queryString>
        </localResource>
    </query>
    <queryVisibleColumn>customer_id</queryVisibleColumn>
    <queryVisibleColumn>display_name</queryVisibleColumn>
    <queryValueColumn>customer_id</queryValueColumn>
</inputControl>
