<?xml version="1.0" encoding="UTF-8"?>
<inputControl exportedWithPermissions="true">
    <folder>/datasources/ICBS_Input_Control</folder>
    <name>gl_code</name>
    <version>0</version>
    <label>Select A GL Code</label>
    <description></description>
    <creationDate>2016-04-20T11:54:28.697+08:00</creationDate>
    <updateDate>2016-04-20T11:54:28.697+08:00</updateDate>
    <type>4</type>
    <mandatory>false</mandatory>
    <readOnly>false</readOnly>
    <visible>true</visible>
    <query>
        <localResource
            xmlns:xsi="http://www.w3.org/2001/XMLSchema-instance"
            exportedWithPermissions="false" xsi:type="query">
            <folder>/datasources/ICBS_Input_Control/gl_code_files</folder>
            <name>select_gl_code</name>
            <version>0</version>
            <label>select gl_code</label>
            <description></description>
            <creationDate>2016-04-20T11:54:28.697+08:00</creationDate>
            <updateDate>2016-04-20T11:54:28.697+08:00</updateDate>
            <language>sql</language>
            <queryString>select distinct code,short_name from gl_account order by code</queryString>
        </localResource>
    </query>
    <queryVisibleColumn>code</queryVisibleColumn>
    <queryVisibleColumn>short_name</queryVisibleColumn>
    <queryValueColumn>code</queryValueColumn>
</inputControl>
