<?xml version="1.0" encoding="UTF-8"?>
<inputControl exportedWithPermissions="true">
    <folder>/datasources/ICBS_Input_Control</folder>
    <name>Multi_Select_Gender</name>
    <version>2</version>
    <label>Multi-Select Gender</label>
    <description></description>
    <creationDate>2016-04-26T14:27:23.667+08:00</creationDate>
    <updateDate>2016-04-26T14:53:31.304+08:00</updateDate>
    <type>11</type>
    <mandatory>false</mandatory>
    <readOnly>false</readOnly>
    <visible>true</visible>
    <query>
        <localResource
            xmlns:xsi="http://www.w3.org/2001/XMLSchema-instance"
            exportedWithPermissions="false" xsi:type="query">
            <folder>/datasources/ICBS_Input_Control/Multi_Select_Gender_files</folder>
            <name>Gender</name>
            <version>0</version>
            <label>Gender</label>
            <description></description>
            <creationDate>2016-04-26T14:27:23.667+08:00</creationDate>
            <updateDate>2016-04-26T14:27:23.667+08:00</updateDate>
            <language>sql</language>
            <queryString>select description from gender order by code</queryString>
        </localResource>
    </query>
    <queryVisibleColumn>description</queryVisibleColumn>
    <queryValueColumn>description</queryValueColumn>
</inputControl>
