<?xml version="1.0" encoding="UTF-8"?>
<inputControl exportedWithPermissions="true">
    <folder>/datasources/ICBS_Input_Control</folder>
    <name>multi_select_branch</name>
    <version>1</version>
    <label>Multi Select Branch</label>
    <description></description>
    <creationDate>2016-04-26T14:48:14.255+08:00</creationDate>
    <updateDate>2016-04-26T14:53:49.416+08:00</updateDate>
    <type>11</type>
    <mandatory>false</mandatory>
    <readOnly>false</readOnly>
    <visible>true</visible>
    <query>
        <localResource
            xmlns:xsi="http://www.w3.org/2001/XMLSchema-instance"
            exportedWithPermissions="false" xsi:type="query">
            <folder>/datasources/ICBS_Input_Control/multi_select_branch_files</folder>
            <name>branch</name>
            <version>0</version>
            <label>branch</label>
            <description></description>
            <creationDate>2016-04-26T14:48:14.255+08:00</creationDate>
            <updateDate>2016-04-26T14:48:14.255+08:00</updateDate>
            <language>sql</language>
            <queryString>Select name from branch order by id</queryString>
        </localResource>
    </query>
    <queryVisibleColumn>name</queryVisibleColumn>
    <queryValueColumn>name</queryValueColumn>
</inputControl>
